{
    "dummy_sampler": {
        "sampler_mode": "dummy",
        "num_sampler": {
            "num_couriers": 5,
            "num_claims": 10
        },
        "pos_sampler": {
            "left_bound": 37.35,
            "lower_bound": 55.58,
            "right_bound": 37.85,
            "upper_bound": 55.92
        },
        "done_dttm_sampler": {
            "cancell_claim_time_secs": 300,
            "courier_end_time_secs": 7200
        },
        "waiting_time_sampler": {
            "waiting_time_on_source_secs": 300,
            "waiting_time_on_destination_secs": 180
        }
    },
    "distr_sampler": {
        "sampler_mode": "distribution",
        "num_sampler": {
            "couriers": {
                "epsilon_variation": 0.1,
                "total_daily_num": 700,
                "hourly_intensivity": [
                    0.01893211875102892, 
                    0.004170553695878834, 
                    0.007024090435164353, 
                    0.014103056576853427, 
                    0.03468144652362399, 
                    0.06821050321022883, 
                    0.12264720408275256, 
                    0.13642100642045765, 
                    0.11178181419085771, 
                    0.08867914174394996, 
                    0.06974702299292103, 
                    0.05833287603577896, 
                    0.04428469516545026, 
                    0.03956538440432421, 
                    0.03424244087142622, 
                    0.03029139000164627, 
                    0.027492728968885473, 
                    0.02480381934917412, 
                    0.019096745870603084, 
                    0.014651813642100641, 
                    0.013499423805081491, 
                    0.012511661087636503, 
                    0.003018163858859683, 
                    0.0018108983153158097
                ]
            },
            "claims": {
                "epsilon_variation": 0.1,
                "total_daily_num": 3900,
                "hourly_intensivity": [
                    0.002388557720455847, 
                    0.0017953042302341668,
                    0.002015507490796799, 
                    0.002650211006536151, 
                    0.00860606154810664, 
                    0.02268870771773569, 
                    0.04426085537308909, 
                    0.06144189095016411, 
                    0.06970080853456026, 
                    0.07543645581556811, 
                    0.07486651796470012, 
                    0.07257640405484875, 
                    0.06966453976223229, 
                    0.06787441678518784, 
                    0.0658148686422785, 
                    0.06719049136414625, 
                    0.06729670705453528, 
                    0.06750136655552878, 
                    0.06320610766126003, 
                    0.046146831534143166, 
                    0.02475602774042958, 
                    0.011406528897144353, 
                    0.006541332152007606, 
                    0.004173499444310595
                ]
            }
        },
        "pos_sampler": {
            "bounds": {
                "left": 37.4,
                "lower": 55.6,
                "right": 37.8,
                "upper": 55.9
            },
            "num_squares_lat": 5,
            "num_squares_lon": 5,
            "source_squares_probs": [[0.014688852792825,
                0.016320947547583335,
                0.02854870507529656,
                0.018372723810708095,
                0.021893385353115358],
            [0.021533288256430583,
                0.03918063662057942,
                0.04177385384202877,
                0.04755613240174401,
                0.028139386073309552],
            [0.026460660039843837,
                0.03191651964860741,
                0.056682909895416404,
                0.05366223928581606,
                0.023411492537700092],
            [0.021103244241684735,
                0.019859743476154577,
                0.027755973337271086,
                0.027121269821531735,
                0.013556748970873585],
            [0.013365042602854352,
                0.0201887530537011,
                0.0199892748058973,
                0.023680917703564962,
                0.0001942969946140873]
            ],
            "destination_squares_probs": [[0.01345571453367426,
                0.01643493511775693,
                0.02708500104920377,
                0.02047631260572995,
                0.021333810008626785],
            [0.02176126339677778,
                0.04149406616978449,
                0.041530334942112446,
                0.0501415777434088,
                0.031227412974376114],
            [0.022981448522954247,
                0.030913947156398718,
                0.057418647848355084,
                0.046553559909535316,
                0.02448660257456471],
            [0.01899188356687832,
                0.019103280510457066,
                0.028753364576290068,
                0.026670500794027052,
                0.010427272044289353],
            [0.011170781877012592,
                0.021302722489488533,
                0.01982606533042147,
                0.021579919535137965,
                0.0006839254210415873]
            ]
        },
        "done_dttm_sampler": {
            "cancell_claim_time_secs_distrs": [
                {
                    "distribution": "expon",
                    "probability": 1.0,
                    "params": {
                        "loc": 1.0,
                        "scale": 1043.0
                    }
                }
            ],
            "courier_end_time_secs_distrs": [
                {
                    "distribution": "lognorm",
                    "probability": 0.5,
                    "params": {
                        "s": 0.9, 
                        "loc": -1800, 
                        "scale": 9000
                    }
                },
                {
                    "distribution": "norm",
                    "probability": 0.5,
                    "params": {
                        "loc": 35000, 
                        "scale": 12000
                    }
                }
            ]
        },
        "waiting_time_sampler": {
            "waiting_time_on_source_secs_distr": {
                "distribution": "gamma",
                "params": {
                    "a": 0.91, 
                    "loc": 1.0,
                    "scale": 492.0
                }
            },
            "waiting_time_on_destination_secs": {
                "distribution": "gamma",
                "params": {
                    "a": 1.76, 
                    "loc": -8.8, 
                    "scale": 127.2
                }
            }
        }
    },
    "courier_speed": 0.000126,
    "gamble_duration_interval_sec": 30,
    "start_dttm": "2024-01-01T00:00:00.000000"
}